vehicle_id,vehicle_key,vehicle_label,item_uid,item_type,x,y,z,dx,dy,dz,orientation_code,layer_id,support_id,support_area_ratio,block_id,category,unit_weight,pattern_id,pattern_source
1,vehicle_2,车型2,V01_G1_001,G1,0,0,0,40,30,60,O4,1,floor,1.0,V01_block_1,standard,12,vehicle_2_pattern_025,greedy_residual_1
1,vehicle_2,车型2,V01_G1_002,G1,40,0,0,40,30,60,O4,1,floor,1.0,V01_block_2,standard,12,vehicle_2_pattern_025,greedy_residual_1
1,vehicle_2,车型2,V01_G1_003,G1,80,0,0,40,30,60,O4,1,floor,1.0,V01_block_3,standard,12,vehicle_2_pattern_025,greedy_residual_1
1,vehicle_2,车型2,V01_G1_004,G1,120,0,0,40,30,60,O4,1,floor,1.0,V01_block_4,standard,12,vehicle_2_pattern_025,greedy_residual_1
1,vehicle_2,车型2,V01_G1_005,G1,160,0,0,40,30,60,O4,1,floor,1.0,V01_block_5,standard,12,vehicle_2_pattern_025,greedy_residual_1
1,vehicle_2,车型2,V01_G1_006,G1,200,0,0,40,30,60,O4,1,floor,1.0,V01_block_6,standard,12,vehicle_2_pattern_025,greedy_residual_1
1,vehicle_2,车型2,V01_G1_007,G1,240,0,0,40,30,60,O4,1,floor,1.0,V01_block_7,standard,12,vehicle_2_pattern_025,greedy_residual_1
1,vehicle_2,车型2,V01_G1_008,G1,280,0,0,40,30,60,O4,1,floor,1.0,V01_block_8,standard,12,vehicle_2_pattern_025,greedy_residual_1
1,vehicle_2,车型2,V01_G1_009,G1,320,0,0,40,30,60,O4,1,floor,1.0,V01_block_9,standard,12,vehicle_2_pattern_025,greedy_residual_1
1,vehicle_2,车型2,V01_G1_010,G1,360,0,0,40,30,60,O4,1,floor,1.0,V01_block_10,standard,12,vehicle_2_pattern_025,greedy_residual_1
1,vehicle_2,车型2,V01_G1_011,G1,400,0,0,40,30,60,O4,1,floor,1.0,V01_block_11,standard,12,vehicle_2_pattern_025,greedy_residual_1
1,vehicle_2,车型2,V01_G1_012,G1,440,0,0,40,30,60,O4,1,floor,1.0,V01_block_12,standard,12,vehicle_2_pattern_025,greedy_residual_1
1,vehicle_2,车型2,V01_G1_013,G1,480,0,0,40,30,60,O4,1,floor,1.0,V01_block_13,standard,12,vehicle_2_pattern_025,greedy_residual_1
1,vehicle_2,车型2,V01_G1_014,G1,520,0,0,40,30,60,O4,1,floor,1.0,V01_block_14,standard,12,vehicle_2_pattern_025,greedy_residual_1
1,vehicle_2,车型2,V01_G1_015,G1,560,0,0,40,30,60,O4,1,floor,1.0,V01_block_15,standard,12,vehicle_2_pattern_025,greedy_residual_1
1,vehicle_2,车型2,V01_G1_016,G1,600,0,0,40,30,60,O4,1,floor,1.0,V01_block_16,standard,12,vehicle_2_pattern_025,greedy_residual_1
1,vehicle_2,车型2,V01_G1_017,G1,640,0,0,40,30,60,O4,1,floor,1.0,V01_block_17,standard,12,vehicle_2_pattern_025,greedy_residual_1
1,vehicle_2,车型2,V01_G1_018,G1,0,30,0,40,30,60,O4,1,floor,1.0,V01_block_18,standard,12,vehicle_2_pattern_025,greedy_residual_1
1,vehicle_2,车型2,V01_G1_019,G1,40,30,0,40,30,60,O4,1,floor,1.0,V01_block_19,standard,12,vehicle_2_pattern_025,greedy_residual_1
1,vehicle_2,车型2,V01_G1_020,G1,80,30,0,40,30,60,O4,1,floor,1.0,V01_block_20,standard,12,vehicle_2_pattern_025,greedy_residual_1
1,vehicle_2,车型2,V01_G1_021,G1,120,30,0,40,30,60,O4,1,floor,1.0,V01_block_21,standard,12,vehicle_2_pattern_025,greedy_residual_1
1,vehicle_2,车型2,V01_G1_022,G1,160,30,0,40,30,60,O4,1,floor,1.0,V01_block_22,standard,12,vehicle_2_pattern_025,greedy_residual_1
1,vehicle_2,车型2,V01_G1_023,G1,200,30,0,40,30,60,O4,1,floor,1.0,V01_block_23,standard,12,vehicle_2_pattern_025,greedy_residual_1
1,vehicle_2,车型2,V01_G1_024,G1,240,30,0,40,30,60,O4,1,floor,1.0,V01_block_24,standard,12,vehicle_2_pattern_025,greedy_residual_1
1,vehicle_2,车型2,V01_G1_025,G1,280,30,0,40,30,60,O4,1,floor,1.0,V01_block_25,standard,12,vehicle_2_pattern_025,greedy_residual_1
1,vehicle_2,车型2,V01_G1_026,G1,320,30,0,40,30,60,O4,1,floor,1.0,V01_block_26,standard,12,vehicle_2_pattern_025,greedy_residual_1
1,vehicle_2,车型2,V01_G1_027,G1,360,30,0,40,30,60,O4,1,floor,1.0,V01_block_27,standard,12,vehicle_2_pattern_025,greedy_residual_1
1,vehicle_2,车型2,V01_G1_028,G1,400,30,0,40,30,60,O4,1,floor,1.0,V01_block_28,standard,12,vehicle_2_pattern_025,greedy_residual_1
1,vehicle_2,车型2,V01_G1_029,G1,440,30,0,40,30,60,O4,1,floor,1.0,V01_block_29,standard,12,vehicle_2_pattern_025,greedy_residual_1
1,vehicle_2,车型2,V01_G1_030,G1,480,30,0,40,30,60,O4,1,floor,1.0,V01_block_30,standard,12,vehicle_2_pattern_025,greedy_residual_1
1,vehicle_2,车型2,V01_G1_031,G1,520,30,0,40,30,60,O4,1,floor,1.0,V01_block_31,standard,12,vehicle_2_pattern_025,greedy_residual_1
1,vehicle_2,车型2,V01_G1_032,G1,560,30,0,40,30,60,O4,1,floor,1.0,V01_block_32,standard,12,vehicle_2_pattern_025,greedy_residual_1
1,vehicle_2,车型2,V01_G1_033,G1,600,30,0,40,30,60,O4,1,floor,1.0,V01_block_33,standard,12,vehicle_2_pattern_025,greedy_residual_1
1,vehicle_2,车型2,V01_G1_034,G1,640,30,0,40,30,60,O4,1,floor,1.0,V01_block_34,standard,12,vehicle_2_pattern_025,greedy_residual_1
1,vehicle_2,车型2,V01_G1_035,G1,0,60,0,40,30,60,O4,1,floor,1.0,V01_block_35,standard,12,vehicle_2_pattern_025,greedy_residual_1
1,vehicle_2,车型2,V01_G1_036,G1,40,60,0,40,30,60,O4,1,floor,1.0,V01_block_36,standard,12,vehicle_2_pattern_025,greedy_residual_1
1,vehicle_2,车型2,V01_G1_037,G1,80,60,0,40,30,60,O4,1,floor,1.0,V01_block_37,standard,12,vehicle_2_pattern_025,greedy_residual_1
1,vehicle_2,车型2,V01_G1_038,G1,120,60,0,40,30,60,O4,1,floor,1.0,V01_block_38,standard,12,vehicle_2_pattern_025,greedy_residual_1
1,vehicle_2,车型2,V01_G1_039,G1,160,60,0,40,30,60,O4,1,floor,1.0,V01_block_39,standard,12,vehicle_2_pattern_025,greedy_residual_1
1,vehicle_2,车型2,V01_G1_040,G1,200,60,0,40,30,60,O4,1,floor,1.0,V01_block_40,standard,12,vehicle_2_pattern_025,greedy_residual_1
1,vehicle_2,车型2,V01_G1_041,G1,240,60,0,40,30,60,O4,1,floor,1.0,V01_block_41,standard,12,vehicle_2_pattern_025,greedy_residual_1
1,vehicle_2,车型2,V01_G1_042,G1,280,60,0,40,30,60,O4,1,floor,1.0,V01_block_42,standard,12,vehicle_2_pattern_025,greedy_residual_1
1,vehicle_2,车型2,V01_G1_043,G1,320,60,0,40,30,60,O4,1,floor,1.0,V01_block_43,standard,12,vehicle_2_pattern_025,greedy_residual_1
1,vehicle_2,车型2,V01_G1_044,G1,360,60,0,40,30,60,O4,1,floor,1.0,V01_block_44,standard,12,vehicle_2_pattern_025,greedy_residual_1
1,vehicle_2,车型2,V01_G1_045,G1,400,60,0,40,30,60,O4,1,floor,1.0,V01_block_45,standard,12,vehicle_2_pattern_025,greedy_residual_1
1,vehicle_2,车型2,V01_G1_046,G1,440,60,0,40,30,60,O4,1,floor,1.0,V01_block_46,standard,12,vehicle_2_pattern_025,greedy_residual_1
1,vehicle_2,车型2,V01_G1_047,G1,480,60,0,40,30,60,O4,1,floor,1.0,V01_block_47,standard,12,vehicle_2_pattern_025,greedy_residual_1
1,vehicle_2,车型2,V01_G1_048,G1,520,60,0,40,30,60,O4,1,floor,1.0,V01_block_48,standard,12,vehicle_2_pattern_025,greedy_residual_1
1,vehicle_2,车型2,V01_G1_049,G1,560,60,0,40,30,60,O4,1,floor,1.0,V01_block_49,standard,12,vehicle_2_pattern_025,greedy_residual_1
1,vehicle_2,车型2,V01_G1_050,G1,600,60,0,40,30,60,O4,1,floor,1.0,V01_block_50,standard,12,vehicle_2_pattern_025,greedy_residual_1
1,vehicle_2,车型2,V01_G1_051,G1,640,60,0,40,30,60,O4,1,floor,1.0,V01_block_51,standard,12,vehicle_2_pattern_025,greedy_residual_1
1,vehicle_2,车型2,V01_G1_052,G1,0,90,0,40,30,60,O4,1,floor,1.0,V01_block_52,standard,12,vehicle_2_pattern_025,greedy_residual_1
1,vehicle_2,车型2,V01_G1_053,G1,40,90,0,40,30,60,O4,1,floor,1.0,V01_block_53,standard,12,vehicle_2_pattern_025,greedy_residual_1
1,vehicle_2,车型2,V01_G1_054,G1,80,90,0,40,30,60,O4,1,floor,1.0,V01_block_54,standard,12,vehicle_2_pattern_025,greedy_residual_1
1,vehicle_2,车型2,V01_G1_055,G1,120,90,0,40,30,60,O4,1,floor,1.0,V01_block_55,standard,12,vehicle_2_pattern_025,greedy_residual_1
1,vehicle_2,车型2,V01_G1_056,G1,160,90,0,40,30,60,O4,1,floor,1.0,V01_block_56,standard,12,vehicle_2_pattern_025,greedy_residual_1
1,vehicle_2,车型2,V01_G1_057,G1,200,90,0,40,30,60,O4,1,floor,1.0,V01_block_57,standard,12,vehicle_2_pattern_025,greedy_residual_1
1,vehicle_2,车型2,V01_G1_058,G1,240,90,0,40,30,60,O4,1,floor,1.0,V01_block_58,standard,12,vehicle_2_pattern_025,greedy_residual_1
1,vehicle_2,车型2,V01_G1_059,G1,280,90,0,40,30,60,O4,1,floor,1.0,V01_block_59,standard,12,vehicle_2_pattern_025,greedy_residual_1
1,vehicle_2,车型2,V01_G1_060,G1,320,90,0,40,30,60,O4,1,floor,1.0,V01_block_60,standard,12,vehicle_2_pattern_025,greedy_residual_1
1,vehicle_2,车型2,V01_G1_061,G1,360,90,0,40,30,60,O4,1,floor,1.0,V01_block_61,standard,12,vehicle_2_pattern_025,greedy_residual_1
1,vehicle_2,车型2,V01_G1_062,G1,400,90,0,40,30,60,O4,1,floor,1.0,V01_block_62,standard,12,vehicle_2_pattern_025,greedy_residual_1
1,vehicle_2,车型2,V01_G1_063,G1,440,90,0,40,30,60,O4,1,floor,1.0,V01_block_63,standard,12,vehicle_2_pattern_025,greedy_residual_1
1,vehicle_2,车型2,V01_G1_064,G1,480,90,0,40,30,60,O4,1,floor,1.0,V01_block_64,standard,12,vehicle_2_pattern_025,greedy_residual_1
1,vehicle_2,车型2,V01_G1_065,G1,520,90,0,40,30,60,O4,1,floor,1.0,V01_block_65,standard,12,vehicle_2_pattern_025,greedy_residual_1
1,vehicle_2,车型2,V01_G1_066,G1,560,90,0,40,30,60,O4,1,floor,1.0,V01_block_66,standard,12,vehicle_2_pattern_025,greedy_residual_1
1,vehicle_2,车型2,V01_G1_067,G1,600,90,0,40,30,60,O4,1,floor,1.0,V01_block_67,standard,12,vehicle_2_pattern_025,greedy_residual_1
1,vehicle_2,车型2,V01_G1_068,G1,640,90,0,40,30,60,O4,1,floor,1.0,V01_block_68,standard,12,vehicle_2_pattern_025,greedy_residual_1
1,vehicle_2,车型2,V01_G1_069,G1,0,120,0,40,30,60,O4,1,floor,1.0,V01_block_69,standard,12,vehicle_2_pattern_025,greedy_residual_1
1,vehicle_2,车型2,V01_G1_070,G1,40,120,0,40,30,60,O4,1,floor,1.0,V01_block_70,standard,12,vehicle_2_pattern_025,greedy_residual_1
1,vehicle_2,车型2,V01_G1_071,G1,80,120,0,40,30,60,O4,1,floor,1.0,V01_block_71,standard,12,vehicle_2_pattern_025,greedy_residual_1
1,vehicle_2,车型2,V01_G1_072,G1,120,120,0,40,30,60,O4,1,floor,1.0,V01_block_72,standard,12,vehicle_2_pattern_025,greedy_residual_1
1,vehicle_2,车型2,V01_G1_073,G1,160,120,0,40,30,60,O4,1,floor,1.0,V01_block_73,standard,12,vehicle_2_pattern_025,greedy_residual_1
1,vehicle_2,车型2,V01_G1_074,G1,200,120,0,40,30,60,O4,1,floor,1.0,V01_block_74,standard,12,vehicle_2_pattern_025,greedy_residual_1
1,vehicle_2,车型2,V01_G1_075,G1,240,120,0,40,30,60,O4,1,floor,1.0,V01_block_75,standard,12,vehicle_2_pattern_025,greedy_residual_1
1,vehicle_2,车型2,V01_G1_076,G1,280,120,0,40,30,60,O4,1,floor,1.0,V01_block_76,standard,12,vehicle_2_pattern_025,greedy_residual_1
1,vehicle_2,车型2,V01_G1_077,G1,320,120,0,40,30,60,O4,1,floor,1.0,V01_block_77,standard,12,vehicle_2_pattern_025,greedy_residual_1
1,vehicle_2,车型2,V01_G1_078,G1,360,120,0,40,30,60,O4,1,floor,1.0,V01_block_78,standard,12,vehicle_2_pattern_025,greedy_residual_1
1,vehicle_2,车型2,V01_G1_079,G1,400,120,0,40,30,60,O4,1,floor,1.0,V01_block_79,standard,12,vehicle_2_pattern_025,greedy_residual_1
1,vehicle_2,车型2,V01_G1_080,G1,440,120,0,40,30,60,O4,1,floor,1.0,V01_block_80,standard,12,vehicle_2_pattern_025,greedy_residual_1
1,vehicle_2,车型2,V01_G5_001,G5,480,120,0,40,40,60,O1,1,floor,1.0,V01_block_81,directed,18,vehicle_2_pattern_025,greedy_residual_1
1,vehicle_2,车型2,V01_G5_002,G5,480,160,0,40,40,60,O1,1,floor,1.0,V01_block_81,directed,18,vehicle_2_pattern_025,greedy_residual_1
1,vehicle_2,车型2,V01_G5_003,G5,520,120,0,40,40,60,O1,1,floor,1.0,V01_block_82,directed,18,vehicle_2_pattern_025,greedy_residual_1
1,vehicle_2,车型2,V01_G5_004,G5,520,160,0,40,40,60,O1,1,floor,1.0,V01_block_82,directed,18,vehicle_2_pattern_025,greedy_residual_1
1,vehicle_2,车型2,V01_G5_005,G5,560,120,0,40,40,60,O1,1,floor,1.0,V01_block_83,directed,18,vehicle_2_pattern_025,greedy_residual_1
1,vehicle_2,车型2,V01_G5_006,G5,560,160,0,40,40,60,O1,1,floor,1.0,V01_block_83,directed,18,vehicle_2_pattern_025,greedy_residual_1
1,vehicle_2,车型2,V01_G5_007,G5,600,120,0,40,40,60,O1,1,floor,1.0,V01_block_84,directed,18,vehicle_2_pattern_025,greedy_residual_1
1,vehicle_2,车型2,V01_G5_008,G5,600,160,0,40,40,60,O1,1,floor,1.0,V01_block_84,directed,18,vehicle_2_pattern_025,greedy_residual_1
1,vehicle_2,车型2,V01_G5_009,G5,640,120,0,40,40,60,O1,1,floor,1.0,V01_block_85,directed,18,vehicle_2_pattern_025,greedy_residual_1
1,vehicle_2,车型2,V01_G5_010,G5,640,160,0,40,40,60,O1,1,floor,1.0,V01_block_85,directed,18,vehicle_2_pattern_025,greedy_residual_1
1,vehicle_2,车型2,V01_G5_011,G5,0,150,0,40,40,60,O1,1,floor,1.0,V01_block_86,directed,18,vehicle_2_pattern_025,greedy_residual_1
1,vehicle_2,车型2,V01_G5_012,G5,0,190,0,40,40,60,O1,1,floor,1.0,V01_block_86,directed,18,vehicle_2_pattern_025,greedy_residual_1
1,vehicle_2,车型2,V01_G5_013,G5,40,150,0,40,40,60,O1,1,floor,1.0,V01_block_87,directed,18,vehicle_2_pattern_025,greedy_residual_1
1,vehicle_2,车型2,V01_G5_014,G5,40,190,0,40,40,60,O1,1,floor,1.0,V01_block_87,directed,18,vehicle_2_pattern_025,greedy_residual_1
1,vehicle_2,车型2,V01_G5_015,G5,80,150,0,40,40,60,O1,1,floor,1.0,V01_block_88,directed,18,vehicle_2_pattern_025,greedy_residual_1
1,vehicle_2,车型2,V01_G5_016,G5,80,190,0,40,40,60,O1,1,floor,1.0,V01_block_88,directed,18,vehicle_2_pattern_025,greedy_residual_1
1,vehicle_2,车型2,V01_G5_017,G5,120,150,0,40,40,60,O1,1,floor,1.0,V01_block_89,directed,18,vehicle_2_pattern_025,greedy_residual_1
1,vehicle_2,车型2,V01_G5_018,G5,120,190,0,40,40,60,O1,1,floor,1.0,V01_block_89,directed,18,vehicle_2_pattern_025,greedy_residual_1
1,vehicle_2,车型2,V01_G5_019,G5,160,150,0,40,40,60,O1,1,floor,1.0,V01_block_90,directed,18,vehicle_2_pattern_025,greedy_residual_1
1,vehicle_2,车型2,V01_G5_020,G5,160,190,0,40,40,60,O1,1,floor,1.0,V01_block_90,directed,18,vehicle_2_pattern_025,greedy_residual_1
1,vehicle_2,车型2,V01_G5_021,G5,200,150,0,40,40,60,O1,1,floor,1.0,V01_block_91,directed,18,vehicle_2_pattern_025,greedy_residual_1
1,vehicle_2,车型2,V01_G5_022,G5,200,190,0,40,40,60,O1,1,floor,1.0,V01_block_91,directed,18,vehicle_2_pattern_025,greedy_residual_1
1,vehicle_2,车型2,V01_G5_023,G5,240,150,0,40,40,60,O1,1,floor,1.0,V01_block_92,directed,18,vehicle_2_pattern_025,greedy_residual_1
1,vehicle_2,车型2,V01_G5_024,G5,240,190,0,40,40,60,O1,1,floor,1.0,V01_block_92,directed,18,vehicle_2_pattern_025,greedy_residual_1
1,vehicle_2,车型2,V01_G5_025,G5,280,150,0,40,40,60,O1,1,floor,1.0,V01_block_93,directed,18,vehicle_2_pattern_025,greedy_residual_1
1,vehicle_2,车型2,V01_G5_026,G5,280,190,0,40,40,60,O1,1,floor,1.0,V01_block_93,directed,18,vehicle_2_pattern_025,greedy_residual_1
1,vehicle_2,车型2,V01_G5_027,G5,320,150,0,40,40,60,O1,1,floor,1.0,V01_block_94,directed,18,vehicle_2_pattern_025,greedy_residual_1
1,vehicle_2,车型2,V01_G5_028,G5,320,190,0,40,40,60,O1,1,floor,1.0,V01_block_94,directed,18,vehicle_2_pattern_025,greedy_residual_1
1,vehicle_2,车型2,V01_G5_029,G5,360,150,0,40,40,60,O1,1,floor,1.0,V01_block_95,directed,18,vehicle_2_pattern_025,greedy_residual_1
1,vehicle_2,车型2,V01_G5_030,G5,360,190,0,40,40,60,O1,1,floor,1.0,V01_block_95,directed,18,vehicle_2_pattern_025,greedy_residual_1
1,vehicle_2,车型2,V01_G5_031,G5,400,150,0,40,40,60,O1,1,floor,1.0,V01_block_96,directed,18,vehicle_2_pattern_025,greedy_residual_1
1,vehicle_2,车型2,V01_G5_032,G5,400,190,0,40,40,60,O1,1,floor,1.0,V01_block_96,directed,18,vehicle_2_pattern_025,greedy_residual_1
1,vehicle_2,车型2,V01_G5_033,G5,440,150,0,40,40,60,O1,1,floor,1.0,V01_block_97,directed,18,vehicle_2_pattern_025,greedy_residual_1
1,vehicle_2,车型2,V01_G5_034,G5,440,190,0,40,40,60,O1,1,floor,1.0,V01_block_97,directed,18,vehicle_2_pattern_025,greedy_residual_1
1,vehicle_2,车型2,V01_G5_035,G5,480,200,0,40,40,60,O1,1,floor,1.0,V01_block_98,directed,18,vehicle_2_pattern_025,greedy_residual_1
1,vehicle_2,车型2,V01_G5_036,G5,520,200,0,40,40,60,O1,1,floor,1.0,V01_block_99,directed,18,vehicle_2_pattern_025,greedy_residual_1
1,vehicle_2,车型2,V01_G5_037,G5,560,200,0,40,40,60,O1,1,floor,1.0,V01_block_100,directed,18,vehicle_2_pattern_025,greedy_residual_1
1,vehicle_2,车型2,V01_G5_038,G5,600,200,0,40,40,60,O1,1,floor,1.0,V01_block_101,directed,18,vehicle_2_pattern_025,greedy_residual_1
1,vehicle_2,车型2,V01_G5_039,G5,640,200,0,40,40,60,O1,1,floor,1.0,V01_block_102,directed,18,vehicle_2_pattern_025,greedy_residual_1
1,vehicle_2,车型2,V01_G2_001,G2,0,0,60,50,25,35,O2,2,V01_block_1|V01_block_2|V01_block_3|V01_block_18|V01_block_19|V01_block_20,1.0,V01_block_103,standard,8,vehicle_2_pattern_025,greedy_residual_1
1,vehicle_2,车型2,V01_G2_002,G2,0,25,60,50,25,35,O2,2,V01_block_1|V01_block_2|V01_block_3|V01_block_18|V01_block_19|V01_block_20,1.0,V01_block_103,standard,8,vehicle_2_pattern_025,greedy_residual_1
1,vehicle_2,车型2,V01_G2_003,G2,50,0,60,50,25,35,O2,2,V01_block_1|V01_block_2|V01_block_3|V01_block_18|V01_block_19|V01_block_20,1.0,V01_block_103,standard,8,vehicle_2_pattern_025,greedy_residual_1
1,vehicle_2,车型2,V01_G2_004,G2,50,25,60,50,25,35,O2,2,V01_block_1|V01_block_2|V01_block_3|V01_block_18|V01_block_19|V01_block_20,1.0,V01_block_103,standard,8,vehicle_2_pattern_025,greedy_residual_1
1,vehicle_2,车型2,V01_G2_005,G2,100,0,60,50,25,35,O2,2,V01_block_3|V01_block_4|V01_block_5|V01_block_20|V01_block_21|V01_block_22,1.0,V01_block_104,standard,8,vehicle_2_pattern_025,greedy_residual_1
1,vehicle_2,车型2,V01_G2_006,G2,100,25,60,50,25,35,O2,2,V01_block_3|V01_block_4|V01_block_5|V01_block_20|V01_block_21|V01_block_22,1.0,V01_block_104,standard,8,vehicle_2_pattern_025,greedy_residual_1
1,vehicle_2,车型2,V01_G2_007,G2,150,0,60,50,25,35,O2,2,V01_block_3|V01_block_4|V01_block_5|V01_block_20|V01_block_21|V01_block_22,1.0,V01_block_104,standard,8,vehicle_2_pattern_025,greedy_residual_1
1,vehicle_2,车型2,V01_G2_008,G2,150,25,60,50,25,35,O2,2,V01_block_3|V01_block_4|V01_block_5|V01_block_20|V01_block_21|V01_block_22,1.0,V01_block_104,standard,8,vehicle_2_pattern_025,greedy_residual_1
1,vehicle_2,车型2,V01_G2_009,G2,200,0,60,50,25,35,O2,2,V01_block_6|V01_block_7|V01_block_8|V01_block_23|V01_block_24|V01_block_25,1.0,V01_block_105,standard,8,vehicle_2_pattern_025,greedy_residual_1
1,vehicle_2,车型2,V01_G2_010,G2,200,25,60,50,25,35,O2,2,V01_block_6|V01_block_7|V01_block_8|V01_block_23|V01_block_24|V01_block_25,1.0,V01_block_105,standard,8,vehicle_2_pattern_025,greedy_residual_1
1,vehicle_2,车型2,V01_G2_011,G2,250,0,60,50,25,35,O2,2,V01_block_6|V01_block_7|V01_block_8|V01_block_23|V01_block_24|V01_block_25,1.0,V01_block_105,standard,8,vehicle_2_pattern_025,greedy_residual_1
1,vehicle_2,车型2,V01_G2_012,G2,250,25,60,50,25,35,O2,2,V01_block_6|V01_block_7|V01_block_8|V01_block_23|V01_block_24|V01_block_25,1.0,V01_block_105,standard,8,vehicle_2_pattern_025,greedy_residual_1
1,vehicle_2,车型2,V01_G2_013,G2,300,0,60,50,25,35,O2,2,V01_block_8|V01_block_9|V01_block_10|V01_block_25|V01_block_26|V01_block_27,1.0,V01_block_106,standard,8,vehicle_2_pattern_025,greedy_residual_1
1,vehicle_2,车型2,V01_G2_014,G2,300,25,60,50,25,35,O2,2,V01_block_8|V01_block_9|V01_block_10|V01_block_25|V01_block_26|V01_block_27,1.0,V01_block_106,standard,8,vehicle_2_pattern_025,greedy_residual_1
1,vehicle_2,车型2,V01_G2_015,G2,350,0,60,50,25,35,O2,2,V01_block_8|V01_block_9|V01_block_10|V01_block_25|V01_block_26|V01_block_27,1.0,V01_block_106,standard,8,vehicle_2_pattern_025,greedy_residual_1
1,vehicle_2,车型2,V01_G2_016,G2,350,25,60,50,25,35,O2,2,V01_block_8|V01_block_9|V01_block_10|V01_block_25|V01_block_26|V01_block_27,1.0,V01_block_106,standard,8,vehicle_2_pattern_025,greedy_residual_1
1,vehicle_2,车型2,V01_G2_017,G2,400,0,60,50,25,35,O2,2,V01_block_11|V01_block_12|V01_block_13|V01_block_28|V01_block_29|V01_block_30,1.0,V01_block_107,standard,8,vehicle_2_pattern_025,greedy_residual_1
1,vehicle_2,车型2,V01_G2_018,G2,400,25,60,50,25,35,O2,2,V01_block_11|V01_block_12|V01_block_13|V01_block_28|V01_block_29|V01_block_30,1.0,V01_block_107,standard,8,vehicle_2_pattern_025,greedy_residual_1
1,vehicle_2,车型2,V01_G2_019,G2,450,0,60,50,25,35,O2,2,V01_block_11|V01_block_12|V01_block_13|V01_block_28|V01_block_29|V01_block_30,1.0,V01_block_107,standard,8,vehicle_2_pattern_025,greedy_residual_1
1,vehicle_2,车型2,V01_G2_020,G2,450,25,60,50,25,35,O2,2,V01_block_11|V01_block_12|V01_block_13|V01_block_28|V01_block_29|V01_block_30,1.0,V01_block_107,standard,8,vehicle_2_pattern_025,greedy_residual_1
1,vehicle_2,车型2,V01_G2_021,G2,500,0,60,50,25,35,O2,2,V01_block_13|V01_block_14|V01_block_15|V01_block_30|V01_block_31|V01_block_32,1.0,V01_block_108,standard,8,vehicle_2_pattern_025,greedy_residual_1
1,vehicle_2,车型2,V01_G2_022,G2,500,25,60,50,25,35,O2,2,V01_block_13|V01_block_14|V01_block_15|V01_block_30|V01_block_31|V01_block_32,1.0,V01_block_108,standard,8,vehicle_2_pattern_025,greedy_residual_1
1,vehicle_2,车型2,V01_G2_023,G2,550,0,60,50,25,35,O2,2,V01_block_13|V01_block_14|V01_block_15|V01_block_30|V01_block_31|V01_block_32,1.0,V01_block_108,standard,8,vehicle_2_pattern_025,greedy_residual_1
1,vehicle_2,车型2,V01_G2_024,G2,550,25,60,50,25,35,O2,2,V01_block_13|V01_block_14|V01_block_15|V01_block_30|V01_block_31|V01_block_32,1.0,V01_block_108,standard,8,vehicle_2_pattern_025,greedy_residual_1
1,vehicle_2,车型2,V01_G2_025,G2,600,0,60,25,50,35,O5,2,V01_block_16|V01_block_17|V01_block_33|V01_block_34|V01_block_50|V01_block_51|V01_block_67|V01_block_68,1.0,V01_block_109,standard,8,vehicle_2_pattern_025,greedy_residual_1
1,vehicle_2,车型2,V01_G2_026,G2,600,50,60,25,50,35,O5,2,V01_block_16|V01_block_17|V01_block_33|V01_block_34|V01_block_50|V01_block_51|V01_block_67|V01_block_68,1.0,V01_block_109,standard,8,vehicle_2_pattern_025,greedy_residual_1
1,vehicle_2,车型2,V01_G2_027,G2,625,0,60,25,50,35,O5,2,V01_block_16|V01_block_17|V01_block_33|V01_block_34|V01_block_50|V01_block_51|V01_block_67|V01_block_68,1.0,V01_block_109,standard,8,vehicle_2_pattern_025,greedy_residual_1
1,vehicle_2,车型2,V01_G2_028,G2,625,50,60,25,50,35,O5,2,V01_block_16|V01_block_17|V01_block_33|V01_block_34|V01_block_50|V01_block_51|V01_block_67|V01_block_68,1.0,V01_block_109,standard,8,vehicle_2_pattern_025,greedy_residual_1
1,vehicle_2,车型2,V01_G2_029,G2,650,0,60,25,50,35,O5,2,V01_block_17|V01_block_34|V01_block_51|V01_block_68,1.0,V01_block_110,standard,8,vehicle_2_pattern_025,greedy_residual_1
1,vehicle_2,车型2,V01_G2_030,G2,650,50,60,25,50,35,O5,2,V01_block_17|V01_block_34|V01_block_51|V01_block_68,1.0,V01_block_110,standard,8,vehicle_2_pattern_025,greedy_residual_1
1,vehicle_2,车型2,V01_G2_031,G2,0,50,60,50,25,35,O2,2,V01_block_18|V01_block_19|V01_block_20|V01_block_35|V01_block_36|V01_block_37|V01_block_52|V01_block_53|V01_block_54,1.0,V01_block_111,standard,8,vehicle_2_pattern_025,greedy_residual_1
1,vehicle_2,车型2,V01_G2_032,G2,0,75,60,50,25,35,O2,2,V01_block_18|V01_block_19|V01_block_20|V01_block_35|V01_block_36|V01_block_37|V01_block_52|V01_block_53|V01_block_54,1.0,V01_block_111,standard,8,vehicle_2_pattern_025,greedy_residual_1
1,vehicle_2,车型2,V01_G2_033,G2,50,50,60,50,25,35,O2,2,V01_block_18|V01_block_19|V01_block_20|V01_block_35|V01_block_36|V01_block_37|V01_block_52|V01_block_53|V01_block_54,1.0,V01_block_111,standard,8,vehicle_2_pattern_025,greedy_residual_1
1,vehicle_2,车型2,V01_G2_034,G2,50,75,60,50,25,35,O2,2,V01_block_18|V01_block_19|V01_block_20|V01_block_35|V01_block_36|V01_block_37|V01_block_52|V01_block_53|V01_block_54,1.0,V01_block_111,standard,8,vehicle_2_pattern_025,greedy_residual_1
1,vehicle_2,车型2,V01_G2_035,G2,100,50,60,50,25,35,O2,2,V01_block_20|V01_block_21|V01_block_22|V01_block_37|V01_block_38|V01_block_39|V01_block_54|V01_block_55|V01_block_56,1.0,V01_block_112,standard,8,vehicle_2_pattern_025,greedy_residual_1
1,vehicle_2,车型2,V01_G2_036,G2,100,75,60,50,25,35,O2,2,V01_block_20|V01_block_21|V01_block_22|V01_block_37|V01_block_38|V01_block_39|V01_block_54|V01_block_55|V01_block_56,1.0,V01_block_112,standard,8,vehicle_2_pattern_025,greedy_residual_1
1,vehicle_2,车型2,V01_G2_037,G2,150,50,60,50,25,35,O2,2,V01_block_20|V01_block_21|V01_block_22|V01_block_37|V01_block_38|V01_block_39|V01_block_54|V01_block_55|V01_block_56,1.0,V01_block_112,standard,8,vehicle_2_pattern_025,greedy_residual_1
1,vehicle_2,车型2,V01_G2_038,G2,150,75,60,50,25,35,O2,2,V01_block_20|V01_block_21|V01_block_22|V01_block_37|V01_block_38|V01_block_39|V01_block_54|V01_block_55|V01_block_56,1.0,V01_block_112,standard,8,vehicle_2_pattern_025,greedy_residual_1
1,vehicle_2,车型2,V01_G2_039,G2,200,50,60,50,25,35,O2,2,V01_block_23|V01_block_24|V01_block_25|V01_block_40|V01_block_41|V01_block_42|V01_block_57|V01_block_58|V01_block_59,1.0,V01_block_113,standard,8,vehicle_2_pattern_025,greedy_residual_1
1,vehicle_2,车型2,V01_G2_040,G2,200,75,60,50,25,35,O2,2,V01_block_23|V01_block_24|V01_block_25|V01_block_40|V01_block_41|V01_block_42|V01_block_57|V01_block_58|V01_block_59,1.0,V01_block_113,standard,8,vehicle_2_pattern_025,greedy_residual_1
1,vehicle_2,车型2,V01_G2_041,G2,250,50,60,50,25,35,O2,2,V01_block_23|V01_block_24|V01_block_25|V01_block_40|V01_block_41|V01_block_42|V01_block_57|V01_block_58|V01_block_59,1.0,V01_block_113,standard,8,vehicle_2_pattern_025,greedy_residual_1
1,vehicle_2,车型2,V01_G2_042,G2,250,75,60,50,25,35,O2,2,V01_block_23|V01_block_24|V01_block_25|V01_block_40|V01_block_41|V01_block_42|V01_block_57|V01_block_58|V01_block_59,1.0,V01_block_113,standard,8,vehicle_2_pattern_025,greedy_residual_1
1,vehicle_2,车型2,V01_G2_043,G2,300,50,60,50,25,35,O2,2,V01_block_25|V01_block_26|V01_block_27|V01_block_42|V01_block_43|V01_block_44|V01_block_59|V01_block_60|V01_block_61,1.0,V01_block_114,standard,8,vehicle_2_pattern_025,greedy_residual_1
1,vehicle_2,车型2,V01_G2_044,G2,300,75,60,50,25,35,O2,2,V01_block_25|V01_block_26|V01_block_27|V01_block_42|V01_block_43|V01_block_44|V01_block_59|V01_block_60|V01_block_61,1.0,V01_block_114,standard,8,vehicle_2_pattern_025,greedy_residual_1
1,vehicle_2,车型2,V01_G2_045,G2,350,50,60,50,25,35,O2,2,V01_block_25|V01_block_26|V01_block_27|V01_block_42|V01_block_43|V01_block_44|V01_block_59|V01_block_60|V01_block_61,1.0,V01_block_114,standard,8,vehicle_2_pattern_025,greedy_residual_1
1,vehicle_2,车型2,V01_G2_046,G2,350,75,60,50,25,35,O2,2,V01_block_25|V01_block_26|V01_block_27|V01_block_42|V01_block_43|V01_block_44|V01_block_59|V01_block_60|V01_block_61,1.0,V01_block_114,standard,8,vehicle_2_pattern_025,greedy_residual_1
1,vehicle_2,车型2,V01_G2_047,G2,400,50,60,50,25,35,O2,2,V01_block_28|V01_block_29|V01_block_30|V01_block_45|V01_block_46|V01_block_47|V01_block_62|V01_block_63|V01_block_64,1.0,V01_block_115,standard,8,vehicle_2_pattern_025,greedy_residual_1
1,vehicle_2,车型2,V01_G2_048,G2,400,75,60,50,25,35,O2,2,V01_block_28|V01_block_29|V01_block_30|V01_block_45|V01_block_46|V01_block_47|V01_block_62|V01_block_63|V01_block_64,1.0,V01_block_115,standard,8,vehicle_2_pattern_025,greedy_residual_1
1,vehicle_2,车型2,V01_G2_049,G2,450,50,60,50,25,35,O2,2,V01_block_28|V01_block_29|V01_block_30|V01_block_45|V01_block_46|V01_block_47|V01_block_62|V01_block_63|V01_block_64,1.0,V01_block_115,standard,8,vehicle_2_pattern_025,greedy_residual_1
1,vehicle_2,车型2,V01_G2_050,G2,450,75,60,50,25,35,O2,2,V01_block_28|V01_block_29|V01_block_30|V01_block_45|V01_block_46|V01_block_47|V01_block_62|V01_block_63|V01_block_64,1.0,V01_block_115,standard,8,vehicle_2_pattern_025,greedy_residual_1
1,vehicle_2,车型2,V01_G2_051,G2,500,50,60,50,25,35,O2,2,V01_block_30|V01_block_31|V01_block_32|V01_block_47|V01_block_48|V01_block_49|V01_block_64|V01_block_65|V01_block_66,1.0,V01_block_116,standard,8,vehicle_2_pattern_025,greedy_residual_1
1,vehicle_2,车型2,V01_G2_052,G2,500,75,60,50,25,35,O2,2,V01_block_30|V01_block_31|V01_block_32|V01_block_47|V01_block_48|V01_block_49|V01_block_64|V01_block_65|V01_block_66,1.0,V01_block_116,standard,8,vehicle_2_pattern_025,greedy_residual_1
1,vehicle_2,车型2,V01_G2_053,G2,550,50,60,50,25,35,O2,2,V01_block_30|V01_block_31|V01_block_32|V01_block_47|V01_block_48|V01_block_49|V01_block_64|V01_block_65|V01_block_66,1.0,V01_block_116,standard,8,vehicle_2_pattern_025,greedy_residual_1
1,vehicle_2,车型2,V01_G2_054,G2,550,75,60,50,25,35,O2,2,V01_block_30|V01_block_31|V01_block_32|V01_block_47|V01_block_48|V01_block_49|V01_block_64|V01_block_65|V01_block_66,1.0,V01_block_116,standard,8,vehicle_2_pattern_025,greedy_residual_1
1,vehicle_2,车型2,V01_G2_055,G2,0,100,60,50,25,35,O2,2,V01_block_52|V01_block_53|V01_block_54|V01_block_69|V01_block_70|V01_block_71,1.0,V01_block_117,standard,8,vehicle_2_pattern_025,greedy_residual_1
1,vehicle_2,车型2,V01_G2_056,G2,0,125,60,50,25,35,O2,2,V01_block_52|V01_block_53|V01_block_54|V01_block_69|V01_block_70|V01_block_71,1.0,V01_block_117,standard,8,vehicle_2_pattern_025,greedy_residual_1
1,vehicle_2,车型2,V01_G2_057,G2,50,100,60,50,25,35,O2,2,V01_block_52|V01_block_53|V01_block_54|V01_block_69|V01_block_70|V01_block_71,1.0,V01_block_117,standard,8,vehicle_2_pattern_025,greedy_residual_1
1,vehicle_2,车型2,V01_G2_058,G2,50,125,60,50,25,35,O2,2,V01_block_52|V01_block_53|V01_block_54|V01_block_69|V01_block_70|V01_block_71,1.0,V01_block_117,standard,8,vehicle_2_pattern_025,greedy_residual_1
1,vehicle_2,车型2,V01_G2_059,G2,100,100,60,50,25,35,O2,2,V01_block_54|V01_block_55|V01_block_56|V01_block_71|V01_block_72|V01_block_73,1.0,V01_block_118,standard,8,vehicle_2_pattern_025,greedy_residual_1
1,vehicle_2,车型2,V01_G2_060,G2,100,125,60,50,25,35,O2,2,V01_block_54|V01_block_55|V01_block_56|V01_block_71|V01_block_72|V01_block_73,1.0,V01_block_118,standard,8,vehicle_2_pattern_025,greedy_residual_1
1,vehicle_2,车型2,V01_G2_061,G2,150,100,60,50,25,35,O2,2,V01_block_54|V01_block_55|V01_block_56|V01_block_71|V01_block_72|V01_block_73,1.0,V01_block_118,standard,8,vehicle_2_pattern_025,greedy_residual_1
1,vehicle_2,车型2,V01_G2_062,G2,150,125,60,50,25,35,O2,2,V01_block_54|V01_block_55|V01_block_56|V01_block_71|V01_block_72|V01_block_73,1.0,V01_block_118,standard,8,vehicle_2_pattern_025,greedy_residual_1
1,vehicle_2,车型2,V01_G2_063,G2,200,100,60,50,25,35,O2,2,V01_block_57|V01_block_58|V01_block_59|V01_block_74|V01_block_75|V01_block_76,1.0,V01_block_119,standard,8,vehicle_2_pattern_025,greedy_residual_1
1,vehicle_2,车型2,V01_G2_064,G2,200,125,60,50,25,35,O2,2,V01_block_57|V01_block_58|V01_block_59|V01_block_74|V01_block_75|V01_block_76,1.0,V01_block_119,standard,8,vehicle_2_pattern_025,greedy_residual_1
1,vehicle_2,车型2,V01_G2_065,G2,250,100,60,50,25,35,O2,2,V01_block_57|V01_block_58|V01_block_59|V01_block_74|V01_block_75|V01_block_76,1.0,V01_block_119,standard,8,vehicle_2_pattern_025,greedy_residual_1
1,vehicle_2,车型2,V01_G2_066,G2,250,125,60,50,25,35,O2,2,V01_block_57|V01_block_58|V01_block_59|V01_block_74|V01_block_75|V01_block_76,1.0,V01_block_119,standard,8,vehicle_2_pattern_025,greedy_residual_1
1,vehicle_2,车型2,V01_G2_067,G2,300,100,60,50,25,35,O2,2,V01_block_59|V01_block_60|V01_block_61|V01_block_76|V01_block_77|V01_block_78,1.0,V01_block_120,standard,8,vehicle_2_pattern_025,greedy_residual_1
1,vehicle_2,车型2,V01_G2_068,G2,300,125,60,50,25,35,O2,2,V01_block_59|V01_block_60|V01_block_61|V01_block_76|V01_block_77|V01_block_78,1.0,V01_block_120,standard,8,vehicle_2_pattern_025,greedy_residual_1
1,vehicle_2,车型2,V01_G2_069,G2,350,100,60,50,25,35,O2,2,V01_block_59|V01_block_60|V01_block_61|V01_block_76|V01_block_77|V01_block_78,1.0,V01_block_120,standard,8,vehicle_2_pattern_025,greedy_residual_1
1,vehicle_2,车型2,V01_G2_070,G2,350,125,60,50,25,35,O2,2,V01_block_59|V01_block_60|V01_block_61|V01_block_76|V01_block_77|V01_block_78,1.0,V01_block_120,standard,8,vehicle_2_pattern_025,greedy_residual_1
1,vehicle_2,车型2,V01_G2_071,G2,400,100,60,50,25,35,O2,2,V01_block_62|V01_block_63|V01_block_64|V01_block_79|V01_block_80|V01_block_81,1.0,V01_block_121,standard,8,vehicle_2_pattern_025,greedy_residual_1
1,vehicle_2,车型2,V01_G2_072,G2,400,125,60,50,25,35,O2,2,V01_block_62|V01_block_63|V01_block_64|V01_block_79|V01_block_80|V01_block_81,1.0,V01_block_121,standard,8,vehicle_2_pattern_025,greedy_residual_1
1,vehicle_2,车型2,V01_G2_073,G2,450,100,60,50,25,35,O2,2,V01_block_62|V01_block_63|V01_block_64|V01_block_79|V01_block_80|V01_block_81,1.0,V01_block_121,standard,8,vehicle_2_pattern_025,greedy_residual_1
1,vehicle_2,车型2,V01_G2_074,G2,450,125,60,50,25,35,O2,2,V01_block_62|V01_block_63|V01_block_64|V01_block_79|V01_block_80|V01_block_81,1.0,V01_block_121,standard,8,vehicle_2_pattern_025,greedy_residual_1
1,vehicle_2,车型2,V01_G2_075,G2,500,100,60,50,25,35,O2,2,V01_block_64|V01_block_65|V01_block_66|V01_block_81|V01_block_82|V01_block_83,1.0,V01_block_122,standard,8,vehicle_2_pattern_025,greedy_residual_1
1,vehicle_2,车型2,V01_G2_076,G2,500,125,60,50,25,35,O2,2,V01_block_64|V01_block_65|V01_block_66|V01_block_81|V01_block_82|V01_block_83,1.0,V01_block_122,standard,8,vehicle_2_pattern_025,greedy_residual_1
1,vehicle_2,车型2,V01_G2_077,G2,550,100,60,50,25,35,O2,2,V01_block_64|V01_block_65|V01_block_66|V01_block_81|V01_block_82|V01_block_83,1.0,V01_block_122,standard,8,vehicle_2_pattern_025,greedy_residual_1
1,vehicle_2,车型2,V01_G2_078,G2,550,125,60,50,25,35,O2,2,V01_block_64|V01_block_65|V01_block_66|V01_block_81|V01_block_82|V01_block_83,1.0,V01_block_122,standard,8,vehicle_2_pattern_025,greedy_residual_1
1,vehicle_2,车型2,V01_G2_079,G2,600,100,60,25,50,35,O5,2,V01_block_67|V01_block_68|V01_block_84|V01_block_85,1.0,V01_block_123,standard,8,vehicle_2_pattern_025,greedy_residual_1
1,vehicle_2,车型2,V01_G2_080,G2,600,150,60,25,50,35,O5,2,V01_block_67|V01_block_68|V01_block_84|V01_block_85,1.0,V01_block_123,standard,8,vehicle_2_pattern_025,greedy_residual_1
1,vehicle_2,车型2,V01_G2_081,G2,625,100,60,25,50,35,O5,2,V01_block_67|V01_block_68|V01_block_84|V01_block_85,1.0,V01_block_123,standard,8,vehicle_2_pattern_025,greedy_residual_1
1,vehicle_2,车型2,V01_G2_082,G2,625,150,60,25,50,35,O5,2,V01_block_67|V01_block_68|V01_block_84|V01_block_85,1.0,V01_block_123,standard,8,vehicle_2_pattern_025,greedy_residual_1
1,vehicle_2,车型2,V01_G2_083,G2,650,100,60,25,50,35,O5,2,V01_block_68|V01_block_85,1.0,V01_block_124,standard,8,vehicle_2_pattern_025,greedy_residual_1
1,vehicle_2,车型2,V01_G2_084,G2,650,150,60,25,50,35,O5,2,V01_block_68|V01_block_85,1.0,V01_block_124,standard,8,vehicle_2_pattern_025,greedy_residual_1
1,vehicle_2,车型2,V01_G2_085,G2,0,150,60,50,25,35,O2,2,V01_block_86|V01_block_87|V01_block_88,1.0,V01_block_125,standard,8,vehicle_2_pattern_025,greedy_residual_1
1,vehicle_2,车型2,V01_G2_086,G2,0,175,60,50,25,35,O2,2,V01_block_86|V01_block_87|V01_block_88,1.0,V01_block_125,standard,8,vehicle_2_pattern_025,greedy_residual_1
1,vehicle_2,车型2,V01_G2_087,G2,50,150,60,50,25,35,O2,2,V01_block_86|V01_block_87|V01_block_88,1.0,V01_block_125,standard,8,vehicle_2_pattern_025,greedy_residual_1
1,vehicle_2,车型2,V01_G2_088,G2,50,175,60,50,25,35,O2,2,V01_block_86|V01_block_87|V01_block_88,1.0,V01_block_125,standard,8,vehicle_2_pattern_025,greedy_residual_1
1,vehicle_2,车型2,V01_G2_089,G2,100,150,60,50,25,35,O2,2,V01_block_88|V01_block_89|V01_block_90,1.0,V01_block_126,standard,8,vehicle_2_pattern_025,greedy_residual_1
1,vehicle_2,车型2,V01_G2_090,G2,100,175,60,50,25,35,O2,2,V01_block_88|V01_block_89|V01_block_90,1.0,V01_block_126,standard,8,vehicle_2_pattern_025,greedy_residual_1
1,vehicle_2,车型2,V01_G2_091,G2,150,150,60,50,25,35,O2,2,V01_block_88|V01_block_89|V01_block_90,1.0,V01_block_126,standard,8,vehicle_2_pattern_025,greedy_residual_1
1,vehicle_2,车型2,V01_G2_092,G2,150,175,60,50,25,35,O2,2,V01_block_88|V01_block_89|V01_block_90,1.0,V01_block_126,standard,8,vehicle_2_pattern_025,greedy_residual_1
1,vehicle_2,车型2,V01_G2_093,G2,200,150,60,50,25,35,O2,2,V01_block_91|V01_block_92|V01_block_93,1.0,V01_block_127,standard,8,vehicle_2_pattern_025,greedy_residual_1
1,vehicle_2,车型2,V01_G2_094,G2,200,175,60,50,25,35,O2,2,V01_block_91|V01_block_92|V01_block_93,1.0,V01_block_127,standard,8,vehicle_2_pattern_025,greedy_residual_1
1,vehicle_2,车型2,V01_G2_095,G2,250,150,60,50,25,35,O2,2,V01_block_91|V01_block_92|V01_block_93,1.0,V01_block_127,standard,8,vehicle_2_pattern_025,greedy_residual_1
1,vehicle_2,车型2,V01_G2_096,G2,250,175,60,50,25,35,O2,2,V01_block_91|V01_block_92|V01_block_93,1.0,V01_block_127,standard,8,vehicle_2_pattern_025,greedy_residual_1
1,vehicle_2,车型2,V01_G2_097,G2,300,150,60,50,25,35,O2,2,V01_block_93|V01_block_94|V01_block_95,1.0,V01_block_128,standard,8,vehicle_2_pattern_025,greedy_residual_1
1,vehicle_2,车型2,V01_G2_098,G2,300,175,60,50,25,35,O2,2,V01_block_93|V01_block_94|V01_block_95,1.0,V01_block_128,standard,8,vehicle_2_pattern_025,greedy_residual_1
1,vehicle_2,车型2,V01_G2_099,G2,350,150,60,50,25,35,O2,2,V01_block_93|V01_block_94|V01_block_95,1.0,V01_block_128,standard,8,vehicle_2_pattern_025,greedy_residual_1
1,vehicle_2,车型2,V01_G2_100,G2,350,175,60,50,25,35,O2,2,V01_block_93|V01_block_94|V01_block_95,1.0,V01_block_128,standard,8,vehicle_2_pattern_025,greedy_residual_1
1,vehicle_2,车型2,V01_G3_001,G3,0,0,95,70,50,40,O1,3,V01_block_103|V01_block_104|V01_block_111|V01_block_112,1.0,V01_block_129,fragile,15,vehicle_2_pattern_025,greedy_residual_1
1,vehicle_2,车型2,V01_G3_002,G3,0,50,95,70,50,40,O1,3,V01_block_103|V01_block_104|V01_block_111|V01_block_112,1.0,V01_block_129,fragile,15,vehicle_2_pattern_025,greedy_residual_1
1,vehicle_2,车型2,V01_G3_003,G3,70,0,95,70,50,40,O1,3,V01_block_103|V01_block_104|V01_block_111|V01_block_112,1.0,V01_block_129,fragile,15,vehicle_2_pattern_025,greedy_residual_1
1,vehicle_2,车型2,V01_G3_004,G3,70,50,95,70,50,40,O1,3,V01_block_103|V01_block_104|V01_block_111|V01_block_112,1.0,V01_block_129,fragile,15,vehicle_2_pattern_025,greedy_residual_1
1,vehicle_2,车型2,V01_G3_005,G3,140,0,95,70,50,40,O1,3,V01_block_104|V01_block_105|V01_block_112|V01_block_113,1.0,V01_block_130,fragile,15,vehicle_2_pattern_025,greedy_residual_1
1,vehicle_2,车型2,V01_G3_006,G3,140,50,95,70,50,40,O1,3,V01_block_104|V01_block_105|V01_block_112|V01_block_113,1.0,V01_block_130,fragile,15,vehicle_2_pattern_025,greedy_residual_1
1,vehicle_2,车型2,V01_G3_007,G3,210,0,95,70,50,40,O1,3,V01_block_104|V01_block_105|V01_block_112|V01_block_113,1.0,V01_block_130,fragile,15,vehicle_2_pattern_025,greedy_residual_1
1,vehicle_2,车型2,V01_G3_008,G3,210,50,95,70,50,40,O1,3,V01_block_104|V01_block_105|V01_block_112|V01_block_113,1.0,V01_block_130,fragile,15,vehicle_2_pattern_025,greedy_residual_1
1,vehicle_2,车型2,V01_G3_009,G3,280,0,95,70,50,40,O1,3,V01_block_105|V01_block_106|V01_block_107|V01_block_113|V01_block_114|V01_block_115,1.0,V01_block_131,fragile,15,vehicle_2_pattern_025,greedy_residual_1
1,vehicle_2,车型2,V01_G3_010,G3,280,50,95,70,50,40,O1,3,V01_block_105|V01_block_106|V01_block_107|V01_block_113|V01_block_114|V01_block_115,1.0,V01_block_131,fragile,15,vehicle_2_pattern_025,greedy_residual_1
1,vehicle_2,车型2,V01_G3_011,G3,350,0,95,70,50,40,O1,3,V01_block_105|V01_block_106|V01_block_107|V01_block_113|V01_block_114|V01_block_115,1.0,V01_block_131,fragile,15,vehicle_2_pattern_025,greedy_residual_1
1,vehicle_2,车型2,V01_G3_012,G3,350,50,95,70,50,40,O1,3,V01_block_105|V01_block_106|V01_block_107|V01_block_113|V01_block_114|V01_block_115,1.0,V01_block_131,fragile,15,vehicle_2_pattern_025,greedy_residual_1
1,vehicle_2,车型2,V01_G3_013,G3,420,0,95,70,50,40,O1,3,V01_block_107|V01_block_108|V01_block_115|V01_block_116,1.0,V01_block_132,fragile,15,vehicle_2_pattern_025,greedy_residual_1
1,vehicle_2,车型2,V01_G3_014,G3,420,50,95,70,50,40,O1,3,V01_block_107|V01_block_108|V01_block_115|V01_block_116,1.0,V01_block_132,fragile,15,vehicle_2_pattern_025,greedy_residual_1
1,vehicle_2,车型2,V01_G3_015,G3,490,0,95,70,50,40,O1,3,V01_block_107|V01_block_108|V01_block_115|V01_block_116,1.0,V01_block_132,fragile,15,vehicle_2_pattern_025,greedy_residual_1
1,vehicle_2,车型2,V01_G3_016,G3,490,50,95,70,50,40,O1,3,V01_block_107|V01_block_108|V01_block_115|V01_block_116,1.0,V01_block_132,fragile,15,vehicle_2_pattern_025,greedy_residual_1
1,vehicle_2,车型2,V01_G3_017,G3,560,0,95,50,70,40,O3,3,V01_block_108|V01_block_109|V01_block_110|V01_block_116|V01_block_122|V01_block_123|V01_block_124,1.0,V01_block_133,fragile,15,vehicle_2_pattern_025,greedy_residual_1
1,vehicle_2,车型2,V01_G3_018,G3,560,70,95,50,70,40,O3,3,V01_block_108|V01_block_109|V01_block_110|V01_block_116|V01_block_122|V01_block_123|V01_block_124,1.0,V01_block_133,fragile,15,vehicle_2_pattern_025,greedy_residual_1
1,vehicle_2,车型2,V01_G3_019,G3,610,0,95,50,70,40,O3,3,V01_block_108|V01_block_109|V01_block_110|V01_block_116|V01_block_122|V01_block_123|V01_block_124,1.0,V01_block_133,fragile,15,vehicle_2_pattern_025,greedy_residual_1
1,vehicle_2,车型2,V01_G3_020,G3,610,70,95,50,70,40,O3,3,V01_block_108|V01_block_109|V01_block_110|V01_block_116|V01_block_122|V01_block_123|V01_block_124,1.0,V01_block_133,fragile,15,vehicle_2_pattern_025,greedy_residual_1
1,vehicle_2,车型2,V01_G3_021,G3,0,100,95,70,50,40,O1,3,V01_block_117|V01_block_118|V01_block_125|V01_block_126,1.0,V01_block_134,fragile,15,vehicle_2_pattern_025,greedy_residual_1
1,vehicle_2,车型2,V01_G3_022,G3,0,150,95,70,50,40,O1,3,V01_block_117|V01_block_118|V01_block_125|V01_block_126,1.0,V01_block_134,fragile,15,vehicle_2_pattern_025,greedy_residual_1
1,vehicle_2,车型2,V01_G3_023,G3,70,100,95,70,50,40,O1,3,V01_block_117|V01_block_118|V01_block_125|V01_block_126,1.0,V01_block_134,fragile,15,vehicle_2_pattern_025,greedy_residual_1
1,vehicle_2,车型2,V01_G3_024,G3,70,150,95,70,50,40,O1,3,V01_block_117|V01_block_118|V01_block_125|V01_block_126,1.0,V01_block_134,fragile,15,vehicle_2_pattern_025,greedy_residual_1
1,vehicle_2,车型2,V01_G3_025,G3,140,100,95,70,50,40,O1,3,V01_block_118|V01_block_119|V01_block_126|V01_block_127,1.0,V01_block_135,fragile,15,vehicle_2_pattern_025,greedy_residual_1
1,vehicle_2,车型2,V01_G3_026,G3,140,150,95,70,50,40,O1,3,V01_block_118|V01_block_119|V01_block_126|V01_block_127,1.0,V01_block_135,fragile,15,vehicle_2_pattern_025,greedy_residual_1
1,vehicle_2,车型2,V01_G3_027,G3,210,100,95,70,50,40,O1,3,V01_block_118|V01_block_119|V01_block_126|V01_block_127,1.0,V01_block_135,fragile,15,vehicle_2_pattern_025,greedy_residual_1
1,vehicle_2,车型2,V01_G3_028,G3,210,150,95,70,50,40,O1,3,V01_block_118|V01_block_119|V01_block_126|V01_block_127,1.0,V01_block_135,fragile,15,vehicle_2_pattern_025,greedy_residual_1
1,vehicle_2,车型2,V01_G3_029,G3,280,100,95,70,50,40,O1,3,V01_block_119|V01_block_120|V01_block_121,1.0,V01_block_136,fragile,15,vehicle_2_pattern_025,greedy_residual_1
1,vehicle_2,车型2,V01_G3_030,G3,350,100,95,70,50,40,O1,3,V01_block_119|V01_block_120|V01_block_121,1.0,V01_block_136,fragile,15,vehicle_2_pattern_025,greedy_residual_1
2,vehicle_2,车型2,V02_G4_001,G4,0,0,0,80,60,50,O1,1,floor,1.0,V02_block_1,directed,25,vehicle_2_pattern_026,greedy_residual_2
2,vehicle_2,车型2,V02_G4_002,G4,0,60,0,80,60,50,O1,1,floor,1.0,V02_block_1,directed,25,vehicle_2_pattern_026,greedy_residual_2
2,vehicle_2,车型2,V02_G4_003,G4,80,0,0,80,60,50,O1,1,floor,1.0,V02_block_1,directed,25,vehicle_2_pattern_026,greedy_residual_2
2,vehicle_2,车型2,V02_G4_004,G4,80,60,0,80,60,50,O1,1,floor,1.0,V02_block_1,directed,25,vehicle_2_pattern_026,greedy_residual_2
2,vehicle_2,车型2,V02_G4_005,G4,160,0,0,80,60,50,O1,1,floor,1.0,V02_block_2,directed,25,vehicle_2_pattern_026,greedy_residual_2
2,vehicle_2,车型2,V02_G4_006,G4,160,60,0,80,60,50,O1,1,floor,1.0,V02_block_2,directed,25,vehicle_2_pattern_026,greedy_residual_2
2,vehicle_2,车型2,V02_G4_007,G4,240,0,0,80,60,50,O1,1,floor,1.0,V02_block_2,directed,25,vehicle_2_pattern_026,greedy_residual_2
2,vehicle_2,车型2,V02_G4_008,G4,240,60,0,80,60,50,O1,1,floor,1.0,V02_block_2,directed,25,vehicle_2_pattern_026,greedy_residual_2
2,vehicle_2,车型2,V02_G4_009,G4,320,0,0,80,60,50,O1,1,floor,1.0,V02_block_3,directed,25,vehicle_2_pattern_026,greedy_residual_2
2,vehicle_2,车型2,V02_G4_010,G4,320,60,0,80,60,50,O1,1,floor,1.0,V02_block_3,directed,25,vehicle_2_pattern_026,greedy_residual_2
2,vehicle_2,车型2,V02_G4_011,G4,400,0,0,80,60,50,O1,1,floor,1.0,V02_block_3,directed,25,vehicle_2_pattern_026,greedy_residual_2
2,vehicle_2,车型2,V02_G4_012,G4,400,60,0,80,60,50,O1,1,floor,1.0,V02_block_3,directed,25,vehicle_2_pattern_026,greedy_residual_2
2,vehicle_2,车型2,V02_G4_013,G4,480,0,0,80,60,50,O1,1,floor,1.0,V02_block_4,directed,25,vehicle_2_pattern_026,greedy_residual_2
2,vehicle_2,车型2,V02_G4_014,G4,480,60,0,80,60,50,O1,1,floor,1.0,V02_block_4,directed,25,vehicle_2_pattern_026,greedy_residual_2
2,vehicle_2,车型2,V02_G4_015,G4,560,0,0,80,60,50,O1,1,floor,1.0,V02_block_4,directed,25,vehicle_2_pattern_026,greedy_residual_2
2,vehicle_2,车型2,V02_G4_016,G4,560,60,0,80,60,50,O1,1,floor,1.0,V02_block_4,directed,25,vehicle_2_pattern_026,greedy_residual_2
2,vehicle_2,车型2,V02_G4_017,G4,0,120,0,80,60,50,O1,1,floor,1.0,V02_block_5,directed,25,vehicle_2_pattern_026,greedy_residual_2
2,vehicle_2,车型2,V02_G4_018,G4,0,180,0,80,60,50,O1,1,floor,1.0,V02_block_5,directed,25,vehicle_2_pattern_026,greedy_residual_2
2,vehicle_2,车型2,V02_G4_019,G4,80,120,0,80,60,50,O1,1,floor,1.0,V02_block_5,directed,25,vehicle_2_pattern_026,greedy_residual_2
2,vehicle_2,车型2,V02_G4_020,G4,80,180,0,80,60,50,O1,1,floor,1.0,V02_block_5,directed,25,vehicle_2_pattern_026,greedy_residual_2
2,vehicle_2,车型2,V02_G4_021,G4,160,120,0,80,60,50,O1,1,floor,1.0,V02_block_6,directed,25,vehicle_2_pattern_026,greedy_residual_2
2,vehicle_2,车型2,V02_G4_022,G4,160,180,0,80,60,50,O1,1,floor,1.0,V02_block_6,directed,25,vehicle_2_pattern_026,greedy_residual_2
2,vehicle_2,车型2,V02_G4_023,G4,240,120,0,80,60,50,O1,1,floor,1.0,V02_block_6,directed,25,vehicle_2_pattern_026,greedy_residual_2
2,vehicle_2,车型2,V02_G4_024,G4,240,180,0,80,60,50,O1,1,floor,1.0,V02_block_6,directed,25,vehicle_2_pattern_026,greedy_residual_2
2,vehicle_2,车型2,V02_G4_025,G4,320,120,0,80,60,50,O1,1,floor,1.0,V02_block_7,directed,25,vehicle_2_pattern_026,greedy_residual_2
2,vehicle_2,车型2,V02_G4_026,G4,320,180,0,80,60,50,O1,1,floor,1.0,V02_block_7,directed,25,vehicle_2_pattern_026,greedy_residual_2
2,vehicle_2,车型2,V02_G4_027,G4,400,120,0,80,60,50,O1,1,floor,1.0,V02_block_7,directed,25,vehicle_2_pattern_026,greedy_residual_2
2,vehicle_2,车型2,V02_G4_028,G4,400,180,0,80,60,50,O1,1,floor,1.0,V02_block_7,directed,25,vehicle_2_pattern_026,greedy_residual_2
2,vehicle_2,车型2,V02_G4_029,G4,480,120,0,80,60,50,O1,1,floor,1.0,V02_block_8,directed,25,vehicle_2_pattern_026,greedy_residual_2
2,vehicle_2,车型2,V02_G4_030,G4,480,180,0,80,60,50,O1,1,floor,1.0,V02_block_8,directed,25,vehicle_2_pattern_026,greedy_residual_2
2,vehicle_2,车型2,V02_G4_031,G4,560,120,0,80,60,50,O1,1,floor,1.0,V02_block_8,directed,25,vehicle_2_pattern_026,greedy_residual_2
2,vehicle_2,车型2,V02_G4_032,G4,560,180,0,80,60,50,O1,1,floor,1.0,V02_block_8,directed,25,vehicle_2_pattern_026,greedy_residual_2
2,vehicle_2,车型2,V02_G4_033,G4,0,0,50,80,60,50,O1,2,V02_block_1,1.0,V02_block_9,directed,25,vehicle_2_pattern_026,greedy_residual_2
2,vehicle_2,车型2,V02_G4_034,G4,0,60,50,80,60,50,O1,2,V02_block_1,1.0,V02_block_9,directed,25,vehicle_2_pattern_026,greedy_residual_2
2,vehicle_2,车型2,V02_G4_035,G4,80,0,50,80,60,50,O1,2,V02_block_1,1.0,V02_block_9,directed,25,vehicle_2_pattern_026,greedy_residual_2
2,vehicle_2,车型2,V02_G4_036,G4,80,60,50,80,60,50,O1,2,V02_block_1,1.0,V02_block_9,directed,25,vehicle_2_pattern_026,greedy_residual_2
2,vehicle_2,车型2,V02_G4_037,G4,160,0,50,80,60,50,O1,2,V02_block_2,1.0,V02_block_10,directed,25,vehicle_2_pattern_026,greedy_residual_2
2,vehicle_2,车型2,V02_G4_038,G4,160,60,50,80,60,50,O1,2,V02_block_2,1.0,V02_block_10,directed,25,vehicle_2_pattern_026,greedy_residual_2
2,vehicle_2,车型2,V02_G4_039,G4,240,0,50,80,60,50,O1,2,V02_block_2,1.0,V02_block_10,directed,25,vehicle_2_pattern_026,greedy_residual_2
2,vehicle_2,车型2,V02_G4_040,G4,240,60,50,80,60,50,O1,2,V02_block_2,1.0,V02_block_10,directed,25,vehicle_2_pattern_026,greedy_residual_2
2,vehicle_2,车型2,V02_G5_001,G5,0,0,100,40,40,60,O1,3,V02_block_9,1.0,V02_block_11,directed,18,vehicle_2_pattern_026,greedy_residual_2
2,vehicle_2,车型2,V02_G5_002,G5,0,40,100,40,40,60,O1,3,V02_block_9,1.0,V02_block_11,directed,18,vehicle_2_pattern_026,greedy_residual_2
2,vehicle_2,车型2,V02_G5_003,G5,40,0,100,40,40,60,O1,3,V02_block_9,1.0,V02_block_11,directed,18,vehicle_2_pattern_026,greedy_residual_2
2,vehicle_2,车型2,V02_G5_004,G5,40,40,100,40,40,60,O1,3,V02_block_9,1.0,V02_block_11,directed,18,vehicle_2_pattern_026,greedy_residual_2
2,vehicle_2,车型2,V02_G5_005,G5,80,0,100,40,40,60,O1,3,V02_block_9,1.0,V02_block_12,directed,18,vehicle_2_pattern_026,greedy_residual_2
2,vehicle_2,车型2,V02_G5_006,G5,80,40,100,40,40,60,O1,3,V02_block_9,1.0,V02_block_12,directed,18,vehicle_2_pattern_026,greedy_residual_2
2,vehicle_2,车型2,V02_G5_007,G5,120,0,100,40,40,60,O1,3,V02_block_9,1.0,V02_block_12,directed,18,vehicle_2_pattern_026,greedy_residual_2
2,vehicle_2,车型2,V02_G5_008,G5,120,40,100,40,40,60,O1,3,V02_block_9,1.0,V02_block_12,directed,18,vehicle_2_pattern_026,greedy_residual_2
2,vehicle_2,车型2,V02_G5_009,G5,160,0,100,40,40,60,O1,3,V02_block_10,1.0,V02_block_13,directed,18,vehicle_2_pattern_026,greedy_residual_2
2,vehicle_2,车型2,V02_G5_010,G5,200,0,100,40,40,60,O1,3,V02_block_10,1.0,V02_block_13,directed,18,vehicle_2_pattern_026,greedy_residual_2
2,vehicle_2,车型2,V02_G5_011,G5,240,0,100,40,40,60,O1,3,V02_block_10,1.0,V02_block_13,directed,18,vehicle_2_pattern_026,greedy_residual_2
